DATE,SP500
2013-11-04,
2013-11-05,-0.00281
2013-11-06,0.00426
2013-11-07,-0.01327
2013-11-08,0.01334
2013-11-11,0.00072
2013-11-12,-0.00237
2013-11-13,0.00806
2013-11-14,0.00483
2013-11-15,0.00421
2013-11-18,-0.00371
2013-11-19,-0.00205
2013-11-20,-0.00364
2013-11-21,0.0081
2013-11-22,0.00495
2013-11-25,-0.00126
2013-11-26,0.00015
2013-11-27,0.00248
2013-11-29,-0.00079
2013-12-02,-0.00272
2013-12-03,-0.0032
2013-12-04,-0.0013
2013-12-05,-0.00435
2013-12-06,0.01118
2013-12-09,0.00182
2013-12-10,-0.00318
2013-12-11,-0.01138
2013-12-12,-0.00378
2013-12-13,-0.0001
2013-12-16,0.0063
2013-12-17,-0.00311
2013-12-18,0.01651
2013-12-19,-0.00058
2013-12-20,0.00481
2013-12-23,0.0053
2013-12-24,0.00291
2013-12-26,0.00473
2013-12-27,-0.00034
2013-12-30,-0.00018
2013-12-31,0.00395
2014-01-02,-0.0089
2014-01-03,-0.00033
2014-01-06,-0.00251
2014-01-07,0.00606
2014-01-08,-0.00021
2014-01-09,0.00035
2014-01-10,0.0023
2014-01-13,-0.01266
2014-01-14,0.01076
2014-01-15,0.00515
2014-01-16,-0.00135
2014-01-17,-0.0039
2014-01-21,0.00277
2014-01-22,0.00057
2014-01-23,-0.00893
2014-01-24,-0.0211
2014-01-27,-0.00489
2014-01-28,0.00612
2014-01-29,-0.01026
2014-01-30,0.0112
2014-01-31,-0.00649
2014-02-03,-0.0231
2014-02-04,0.00761
2014-02-05,-0.00203
2014-02-06,0.01236
2014-02-07,0.01321
2014-02-10,0.00157
2014-02-11,0.011
2014-02-12,-0.00027
2014-02-13,0.00579
2014-02-14,0.0048
2014-02-18,0.00116
2014-02-19,-0.00655
2014-02-20,0.00601
2014-02-21,-0.00192
2014-02-24,0.00617
2014-02-25,-0.00135
2014-02-26,2e-05
2014-02-27,0.00494
2014-02-28,0.00278
2014-03-03,-0.00741
2014-03-04,0.01515
2014-03-05,-5e-05
2014-03-06,0.00172
2014-03-07,0.00054
2014-03-10,-0.00046
2014-03-11,-0.0051
2014-03-12,0.00031
2014-03-13,-0.01177
2014-03-14,-0.00283
2014-03-17,0.00957
2014-03-18,0.00719
2014-03-19,-0.00615
2014-03-20,0.00602
2014-03-21,-0.00294
2014-03-24,-0.00488
2014-03-25,0.00439
2014-03-26,-0.00702
2014-03-27,-0.0019
2014-03-28,0.00463
2014-03-31,0.00789
2014-04-01,0.00701
2014-04-02,0.00285
2014-04-03,-0.00113
2014-04-04,-0.01262
2014-04-07,-0.01081
2014-04-08,0.00374
2014-04-09,0.01086
2014-04-10,-0.02111
2014-04-11,-0.00953
2014-04-14,0.00818
2014-04-15,0.00673
2014-04-16,0.01043
2014-04-17,0.00136
2014-04-21,0.00377
2014-04-22,0.00408
2014-04-23,-0.00222
2014-04-24,0.00172
2014-04-25,-0.00813
2014-04-28,0.00323
2014-04-29,0.00475
2014-04-30,0.00299
2014-05-01,-0.00014
2014-05-02,-0.00135
2014-05-05,0.00187
2014-05-06,-0.00903
2014-05-07,0.0056
2014-05-08,-0.00137
2014-05-09,0.00152
2014-05-12,0.00963
2014-05-13,0.00042
2014-05-14,-0.00471
2014-05-15,-0.00941
2014-05-16,0.00374
2014-05-19,0.00384
2014-05-20,-0.00652
2014-05-21,0.00808
2014-05-22,0.00236
2014-05-23,0.00424
2014-05-27,0.00597
2014-05-28,-0.00111
2014-05-29,0.00535
2014-05-30,0.00184
2014-06-02,0.00073
2014-06-03,-0.00038
2014-06-04,0.00189
2014-06-05,0.0065
2014-06-06,0.00462
2014-06-09,0.00094
2014-06-10,-0.00025
2014-06-11,-0.00354
2014-06-12,-0.00711
2014-06-13,0.00313
2014-06-16,0.00084
2014-06-17,0.00217
2014-06-18,0.00769
2014-06-19,0.00128
2014-06-20,0.00173
2014-06-23,-0.00013
2014-06-24,-0.00646
2014-06-25,0.00489
2014-06-26,-0.00118
2014-06-27,0.00191
2014-06-30,-0.00037
2014-07-01,0.00666
2014-07-02,0.00066
2014-07-03,0.00546
2014-07-07,-0.00393
2014-07-08,-0.00707
2014-07-09,0.00463
2014-07-10,-0.00414
2014-07-11,0.00147
2014-07-14,0.00483
2014-07-15,-0.00193
2014-07-16,0.00419
2014-07-17,-0.0119
2014-07-18,0.01021
2014-07-21,-0.00232
2014-07-22,0.005
2014-07-23,0.00175
2014-07-24,0.00049
2014-07-25,-0.00486
2014-07-28,0.00029
2014-07-29,-0.00454
2014-07-30,6e-05
2014-07-31,-0.0202
2014-08-01,-0.00286
2014-08-04,0.00716
2014-08-05,-0.00973
2014-08-06,2e-05
2014-08-07,-0.00557
2014-08-08,0.01147
2014-08-11,0.00276
2014-08-12,-0.00164
2014-08-13,0.00668
2014-08-14,0.00434
2014-08-15,-6e-05
2014-08-18,0.0085
2014-08-19,0.00499
2014-08-20,0.00247
2014-08-21,0.00295
2014-08-22,-0.00199
2014-08-25,0.00478
2014-08-26,0.00105
2014-08-27,5e-05
2014-08-28,-0.00169
2014-08-29,0.00331
2014-09-02,-0.00054
2014-09-03,-0.00078
2014-09-04,-0.00154
2014-09-05,0.00502
2014-09-08,-0.00308
2014-09-09,-0.00657
2014-09-10,0.00364
2014-09-11,0.00088
2014-09-12,-0.00598
2014-09-15,-0.00071
2014-09-16,0.00746
2014-09-17,0.00129
2014-09-18,0.00488
2014-09-19,-0.00048
2014-09-22,-0.00805
2014-09-23,-0.00579
2014-09-24,0.0078
2014-09-25,-0.0163
2014-09-26,0.00854
2014-09-29,-0.00255
2014-09-30,-0.00279
2014-10-01,-0.01334
2014-10-02,1e-05
2014-10-03,0.0111
2014-10-06,-0.00157
2014-10-07,-0.01524
2014-10-08,0.01731
2014-10-09,-0.02088
2014-10-10,-0.01152
2014-10-13,-0.01661
2014-10-14,0.00158
2014-10-15,-0.00813
2014-10-16,0.00014
2014-10-17,0.0128
2014-10-20,0.0091
2014-10-21,0.01939
2014-10-22,-0.00733
2014-10-23,0.01223
2014-10-24,0.00703
2014-10-27,-0.0015
2014-10-28,0.01187
2014-10-29,-0.00139
2014-10-30,0.00621
2014-10-31,0.01166
2014-11-03,-0.00012
2014-11-04,-0.00283
2014-11-05,0.00568
2014-11-06,0.00377
2014-11-07,0.00035
2014-11-10,0.00312
2014-11-11,0.0007
2014-11-12,-0.0007
2014-11-13,0.00053
2014-11-14,0.00024
2014-11-17,0.00074
2014-11-18,0.00512
2014-11-19,-0.0015
2014-11-20,0.00197
2014-11-21,0.00522
2014-11-24,0.00286
2014-11-25,-0.00115
2014-11-26,0.0028
2014-11-28,-0.00255
2014-12-01,-0.00685
2014-12-02,0.00636
2014-12-03,0.00376
2014-12-04,-0.00116
2014-12-05,0.00166
2014-12-08,-0.00728
2014-12-09,-0.00024
2014-12-10,-0.01649
2014-12-11,0.00453
2014-12-12,-0.01635
2014-12-15,-0.00636
2014-12-16,-0.00853
2014-12-17,0.02015
2014-12-18,0.02373
2014-12-19,0.00456
2014-12-22,0.0038
2014-12-23,0.00174
2014-12-24,-0.00014
2014-12-26,0.0033
2014-12-29,0.00086
2014-12-30,-0.0049
2014-12-31,-0.01036
2015-01-02,-0.00034
2015-01-05,-0.01845
2015-01-06,-0.00893
2015-01-07,0.01156
2015-01-08,0.01773
2015-01-09,-0.00844
2015-01-12,-0.00813
2015-01-13,-0.00258
2015-01-14,-0.00583
2015-01-15,-0.00929
2015-01-16,0.01333
2015-01-20,0.00155
2015-01-21,0.00472
2015-01-22,0.01515
2015-01-23,-0.00551
2015-01-26,0.00257
2015-01-27,-0.01348
2015-01-28,-0.01359
2015-01-29,0.00949
2015-01-30,-0.01308
2015-02-02,0.01288
2015-02-03,0.01434
2015-02-04,-0.00416
2015-02-05,0.01024
2015-02-06,-0.00342
2015-02-09,-0.00426
2015-02-10,0.01062
2015-02-11,-3e-05
2015-02-12,0.0096
2015-02-13,0.00407
2015-02-17,0.0016
2015-02-18,-0.00031
2015-02-19,-0.00106
2015-02-20,0.00611
2015-02-23,-0.0003
2015-02-24,0.00275
2015-02-25,-0.00077
2015-02-26,-0.00148
2015-02-27,-0.00296
2015-03-02,0.00611
2015-03-03,-0.00455
2015-03-04,-0.0044
2015-03-05,0.0012
2015-03-06,-0.01428
2015-03-09,0.00394
2015-03-10,-0.01711
2015-03-11,-0.00192
2015-03-12,0.01252
2015-03-13,-0.00609
2015-03-16,0.01344
2015-03-17,-0.00333
2015-03-18,0.01209
2015-03-19,-0.00488
2015-03-20,0.00897
2015-03-23,-0.00175
2015-03-24,-0.00616
2015-03-25,-0.01467
2015-03-26,-0.00238
2015-03-27,0.00237
2015-03-30,0.01216
2015-03-31,-0.00883
2015-04-01,-0.00397
2015-04-02,0.00352
2015-04-06,0.00659
2015-04-07,-0.00206
2015-04-08,0.00268
2015-04-09,0.00445
2015-04-10,0.00519
2015-04-13,-0.00459
2015-04-14,0.00163
2015-04-15,0.00514
2015-04-16,-0.00078
2015-04-17,-0.01138
2015-04-20,0.00919
2015-04-21,-0.00148
2015-04-22,0.00507
2015-04-23,0.00235
2015-04-24,0.00225
2015-04-27,-0.00415
2015-04-28,0.00277
2015-04-29,-0.00375
2015-04-30,-0.01018
2015-05-01,0.01086
2015-05-04,0.00294
2015-05-05,-0.01191
2015-05-06,-0.00447
2015-05-07,0.00377
2015-05-08,0.01337
2015-05-11,-0.0051
2015-05-12,-0.00295
2015-05-13,-0.0003
2015-05-14,0.01072
2015-05-15,0.00077
2015-05-18,0.00304
2015-05-19,-0.00064
2015-05-20,-0.00093
2015-05-21,0.00234
2015-05-22,-0.00224
2015-05-26,-0.01034
2015-05-27,0.00912
2015-05-28,-0.00127
2015-05-29,-0.00634
2015-06-01,0.00206
2015-06-02,-0.00101
2015-06-03,0.00212
2015-06-04,-0.00866
2015-06-05,-0.00144
2015-06-08,-0.0065
2015-06-09,0.00042
2015-06-10,0.01197
2015-06-11,0.00174
2015-06-12,-0.00702
2015-06-15,-0.00463
2015-06-16,0.00567
2015-06-17,0.00198
2015-06-18,0.00985
2015-06-19,-0.00532
2015-06-22,0.00608
2015-06-23,0.00064
2015-06-24,-0.00738
2015-06-25,-0.00298
2015-06-26,-0.00039
2015-06-29,-0.02109
2015-06-30,0.00265
2015-07-01,0.00691
2015-07-02,-0.00031
2015-07-06,-0.00387
2015-07-07,0.00606
2015-07-08,-0.01679
2015-07-09,0.00226
2015-07-10,0.01226
2015-07-13,0.01101
2015-07-14,0.00444
2015-07-15,-0.00074
2015-07-16,0.00798
2015-07-17,0.00111
2015-07-20,0.00077
2015-07-21,-0.00427
2015-07-22,-0.00239
2015-07-23,-0.00569
2015-07-24,-0.01076
2015-07-27,-0.00579
2015-07-28,0.01231
2015-07-29,0.00729
2015-07-30,3e-05
2015-07-31,-0.00227
2015-08-03,-0.00276
2015-08-04,-0.00225
2015-08-05,0.00311
2015-08-06,-0.00778
2015-08-07,-0.00288
2015-08-10,0.01273
2015-08-11,-0.0096
2015-08-12,0.00095
2015-08-13,-0.00128
2015-08-14,0.0039
2015-08-17,0.0052
2015-08-18,-0.00263
2015-08-19,-0.00829
2015-08-20,-0.02133
2015-08-21,-0.03237
2015-08-24,-0.04021
2015-08-25,-0.01361
2015-08-26,0.03829
2015-08-27,0.02401
2015-08-28,0.00061
2015-08-31,-0.00843
2015-09-01,-0.03002
2015-09-02,0.01813
2015-09-03,0.00116
2015-09-04,-0.01545
2015-09-08,0.02477
2015-09-09,-0.014
2015-09-10,0.00526
2015-09-11,0.00448
2015-09-14,-0.0041
2015-09-15,0.01275
2015-09-16,0.00867
2015-09-17,-0.00256
2015-09-18,-0.0163
2015-09-21,0.00456
2015-09-22,-0.01239
2015-09-23,-0.00205
2015-09-24,-0.00337
2015-09-25,-0.00047
2015-09-28,-0.026
2015-09-29,0.00123
2015-09-30,0.0189
2015-10-01,0.00197
2015-10-02,0.01421
2015-10-05,0.01812
2015-10-06,-0.00359
2015-10-07,0.008
2015-10-08,0.00878
2015-10-09,0.00072
2015-10-12,0.00127
2015-10-13,-0.00685
2015-10-14,-0.00473
2015-10-15,0.01474
2015-10-16,0.00456
2015-10-19,0.00027
2015-10-20,-0.00142
2015-10-21,-0.00584
2015-10-22,0.01649
2015-10-23,0.01097
2015-10-26,-0.00191
2015-10-27,-0.00256
2015-10-28,0.01177
2015-10-29,-0.00045
2015-10-30,-0.00482
2015-11-02,0.0118
2015-11-03,0.00272
2015-11-04,-0.00355
2015-11-05,-0.00113
2015-11-06,-0.00035
2015-11-09,-0.00987
2015-11-10,0.00151
2015-11-11,-0.00323
2015-11-12,-0.01409
2015-11-13,-0.01127
2015-11-16,0.01479
2015-11-17,-0.00134
2015-11-18,0.01603
2015-11-19,-0.00112
2015-11-20,0.0038
2015-11-23,-0.00124
2015-11-24,0.00122
2015-11-25,-0.00013
2015-11-27,0.00059
2015-11-30,-0.00465
2015-12-01,0.01062
2015-12-02,-0.01106
2015-12-03,-0.01448
2015-12-04,0.02032
2015-12-07,-0.00701
2015-12-08,-0.00651
2015-12-09,-0.00777
2015-12-10,0.00225
2015-12-11,-0.01961
2015-12-14,0.00474
2015-12-15,0.01056
2015-12-16,0.01441
2015-12-17,-0.01515
2015-12-18,-0.01796
2015-12-21,0.00775
2015-12-22,0.00878
2015-12-23,0.01234
2015-12-24,-0.0016
2015-12-28,-0.00218
2015-12-29,0.01057
2015-12-30,-0.00724
2015-12-31,-0.00946
2016-01-04,-0.01542
2016-01-05,0.00201
2016-01-06,-0.0132
2016-01-07,-0.02399
2016-01-08,-0.0109
2016-01-11,0.00085
2016-01-12,0.00777
2016-01-13,-0.02528
2016-01-14,0.01656
2016-01-15,-0.02184
2016-01-19,0.00053
2016-01-20,-0.01176
2016-01-21,0.00518
2016-01-22,0.02008
2016-01-25,-0.01576
2016-01-26,0.01405
2016-01-27,-0.01092
2016-01-28,0.00551
2016-01-29,0.02446
2016-02-01,-0.00044
2016-02-02,-0.01892
2016-02-03,0.00498
2016-02-04,0.00153
2016-02-05,-0.01865
2016-02-08,-0.01426
2016-02-09,-0.00066
2016-02-10,-0.00019
2016-02-11,-0.01238
2016-02-12,0.01933
2016-02-16,0.01638
2016-02-17,0.01635
2016-02-18,-0.00468
2016-02-19,-3e-05
2016-02-22,0.01435
2016-02-23,-0.01253
2016-02-24,0.00443
2016-02-25,0.01128
2016-02-26,-0.00187
2016-02-29,-0.00815
2016-03-01,0.02359
2016-03-02,0.00409
2016-03-03,0.00349
2016-03-04,0.0033
2016-03-07,0.00088
2016-03-08,-0.0113
2016-03-09,0.00504
2016-03-10,0.00016
2016-03-11,0.01626
2016-03-14,-0.00126
2016-03-15,-0.00184
2016-03-16,0.00558
2016-03-17,0.00657
2016-03-18,0.0044
2016-03-21,0.00099
2016-03-22,-0.00088
2016-03-23,-0.00641
2016-03-24,-0.00038
2016-03-28,0.00055
2016-03-29,0.00878
2016-03-30,0.00434
2016-03-31,-0.00204
2016-04-01,0.00631
2016-04-04,-0.00321
2016-04-05,-0.0102
2016-04-06,0.01045
2016-04-07,-0.01205
2016-04-08,0.00278
2016-04-11,-0.00274
2016-04-12,0.00962
2016-04-13,0.00999
2016-04-14,0.00017
2016-04-15,-0.00098
2016-04-18,0.00652
2016-04-19,0.00308
2016-04-20,0.00076
2016-04-21,-0.00521
2016-04-22,5e-05
2016-04-25,-0.00181
2016-04-26,0.00187
2016-04-27,0.00165
2016-04-28,-0.00927
2016-04-29,-0.00508
2016-05-02,0.00778
2016-05-03,-0.00871
2016-05-04,-0.00595
2016-05-05,-0.00024
2016-05-06,0.00317
2016-05-09,0.00075
2016-05-10,0.01241
2016-05-11,-0.00961
2016-05-12,-0.00017
2016-05-13,-0.00851
2016-05-16,0.00975
2016-05-17,-0.00946
2016-05-18,0.00021
2016-05-19,-0.00371
2016-05-20,0.006
2016-05-23,-0.00209
2016-05-24,0.01359
2016-05-25,0.00695
2016-05-26,-0.00021
2016-05-27,0.00428
2016-05-31,-0.001
2016-06-01,0.00113
2016-06-02,0.00282
2016-06-03,-0.00292
2016-06-06,0.00489
2016-06-07,0.00129
2016-06-08,0.0033
2016-06-09,-0.00172
2016-06-10,-0.00922
2016-06-13,-0.00815
2016-06-14,-0.0018
2016-06-15,-0.00184
2016-06-16,0.00313
2016-06-17,-0.00326
2016-06-20,0.00579
2016-06-21,0.00271
2016-06-22,-0.00165
2016-06-23,0.01328
2016-06-24,-0.03658
2016-06-27,-0.01826
2016-06-28,0.01761
2016-06-29,0.01689
2016-06-30,0.01347
2016-07-01,0.00195
2016-07-05,-0.00687
2016-07-06,0.00534
2016-07-07,-0.00087
2016-07-08,0.01514
2016-07-11,0.0034
2016-07-12,0.00698
2016-07-13,0.00013
2016-07-14,0.00525
2016-07-15,-0.00093
2016-07-18,0.00238
2016-07-19,-0.00144
2016-07-20,0.00426
2016-07-21,-0.00362
2016-07-22,0.00454
2016-07-25,-0.00302
2016-07-26,0.00032
2016-07-27,-0.0012
2016-07-28,0.0016
2016-07-29,0.00163
2016-08-01,-0.00127
2016-08-02,-0.00638
2016-08-03,0.00313
2016-08-04,0.00021
2016-08-05,0.00857
2016-08-08,-0.00091
2016-08-09,0.00039
2016-08-10,-0.00287
2016-08-11,0.00472
2016-08-12,-0.0008
2016-08-15,0.00279
2016-08-16,-0.00549
2016-08-17,0.00187
2016-08-18,0.0022
2016-08-19,-0.00144
2016-08-22,-0.00056
2016-08-23,0.00195
2016-08-24,-0.00525
2016-08-25,-0.00137
2016-08-26,-0.00158
2016-08-29,0.00521
2016-08-30,-0.00196
2016-08-31,-0.00238
2016-09-01,-4e-05
2016-09-02,0.00419
2016-09-06,0.00298
2016-09-07,-0.00015
2016-09-08,-0.00223
2016-09-09,-0.02483
2016-09-12,0.01457
2016-09-13,-0.01494
2016-09-14,-0.00059
2016-09-15,0.01006
2016-09-16,-0.00378
2016-09-19,-2e-05
2016-09-20,0.0003
2016-09-21,0.01086
2016-09-22,0.00648
2016-09-23,-0.00575
2016-09-26,-0.00862
2016-09-27,0.00642
2016-09-28,0.00528
2016-09-29,-0.00937
2016-09-30,0.00794
2016-10-03,-0.00327
2016-10-04,-0.00497
2016-10-05,0.00429
2016-10-06,0.00048
2016-10-07,-0.00326
2016-10-10,0.0046
2016-10-11,-0.01252
2016-10-12,0.00115
2016-10-13,-0.0031
2016-10-14,0.0002
2016-10-17,-0.00304
2016-10-18,0.00614
2016-10-19,0.00219
2016-10-20,-0.00138
2016-10-21,-8e-05
2016-10-24,0.00474
2016-10-25,-0.0038
2016-10-26,-0.00174
2016-10-27,-0.00299
2016-10-28,-0.00311
2016-10-31,-0.00012
2016-11-01,-0.00681
2016-11-02,-0.00655
2016-11-03,-0.00443
2016-11-04,-0.00167
2016-11-07,0.02198
2016-11-08,0.00376
2016-11-09,0.01102
2016-11-10,0.00195
2016-11-11,-0.0014
2016-11-14,-0.00012
2016-11-15,0.00745
2016-11-16,-0.00158
2016-11-17,0.00467
2016-11-18,-0.00239
2016-11-21,0.00743
2016-11-22,0.00216
2016-11-23,0.00081
2016-11-25,0.00391
2016-11-28,-0.00527
2016-11-29,0.00133
2016-11-30,-0.00266
2016-12-01,-0.00352
2016-12-02,0.0004
2016-12-05,0.0058
2016-12-06,0.00341
2016-12-07,0.01308
2016-12-08,0.00216
2016-12-09,0.00592
2016-12-12,-0.00114
2016-12-13,0.00652
2016-12-14,-0.00815
2016-12-15,0.00388
2016-12-16,-0.00175
2016-12-19,0.00197
2016-12-20,0.00363
2016-12-21,-0.00246
2016-12-22,-0.00186
2016-12-23,0.00125
2016-12-27,0.00225
2016-12-28,-0.00839
2016-12-29,-0.00029
2016-12-30,-0.00465
2017-01-03,0.00845
2017-01-04,0.00571
2017-01-05,-0.00077
2017-01-06,0.00351
2017-01-09,-0.00355
2017-01-10,0.0
2017-01-11,0.00283
2017-01-12,-0.00215
2017-01-13,0.00185
2017-01-17,-0.00297
2017-01-18,0.00176
2017-01-19,-0.00362
2017-01-20,0.00336
2017-01-23,-0.00269
2017-01-24,0.00654
2017-01-25,0.00799
2017-01-26,-0.00074
2017-01-27,-0.00087
2017-01-30,-0.00603
2017-01-31,-0.00089
2017-02-01,0.0003
2017-02-02,0.00057
2017-02-03,0.00724
2017-02-06,-0.00212
2017-02-07,0.00023
2017-02-08,0.00069
2017-02-09,0.00574
2017-02-10,0.00356
2017-02-13,0.00523
2017-02-14,0.004
2017-02-15,0.00498
2017-02-16,-0.00086
2017-02-17,0.00168
2017-02-21,0.00603
2017-02-22,-0.00108
2017-02-23,0.00042
2017-02-24,0.00149
2017-02-27,0.00102
2017-02-28,-0.00258
2017-03-01,0.01358
2017-03-02,-0.00588
2017-03-03,0.0005
2017-03-06,-0.00328
2017-03-07,-0.00292
2017-03-08,-0.00229
2017-03-09,0.0008
2017-03-10,0.00326
2017-03-13,0.00037
2017-03-14,-0.00338
2017-03-15,0.00834
2017-03-16,-0.00163
2017-03-17,-0.00132
2017-03-20,-0.00201
2017-03-21,-0.01249
2017-03-22,0.00189
2017-03-23,-0.00106
2017-03-24,-0.00084
2017-03-27,-0.00102
2017-03-28,0.00723
2017-03-29,0.00108
2017-03-30,0.00293
2017-03-31,-0.00226
2017-04-03,-0.00164
2017-04-04,0.00056
2017-04-05,-0.00306
2017-04-06,0.00193
2017-04-07,-0.00083
2017-04-10,0.00069
2017-04-11,-0.00143
2017-04-12,-0.00377
2017-04-13,-0.00684
2017-04-17,0.00858
2017-04-18,-0.00291
2017-04-19,-0.00172
2017-04-20,0.00753
2017-04-21,-0.00304
2017-04-24,0.01078
2017-04-25,0.00607
2017-04-26,-0.00049
2017-04-27,0.00055
2017-04-28,-0.00191
2017-05-01,0.00173
2017-05-02,0.00119
2017-05-03,-0.00127
2017-05-04,0.00058
2017-05-05,0.00408
2017-05-08,4e-05
2017-05-09,-0.00103
2017-05-10,0.00113
2017-05-11,-0.00217
2017-05-12,-0.00148
2017-05-15,0.00477
2017-05-16,-0.00069
2017-05-17,-0.01835
2017-05-18,0.00368
2017-05-19,0.00674
2017-05-22,0.00515
2017-05-23,0.00184
2017-05-24,0.00249
2017-05-25,0.00443
2017-05-26,0.00031
2017-05-30,-0.00121
2017-05-31,-0.00046
2017-06-01,0.00754
2017-06-02,0.0037
2017-06-05,-0.00122
2017-06-06,-0.00278
2017-06-07,0.00157
2017-06-08,0.00027
2017-06-09,-0.00083
2017-06-12,-0.00098
2017-06-13,0.0045
2017-06-14,-0.001
2017-06-15,-0.00224
2017-06-16,0.00028
2017-06-19,0.00831
2017-06-20,-0.00672
2017-06-21,-0.00058
2017-06-22,-0.00046
2017-06-23,0.00156
2017-06-26,0.00032
2017-06-27,-0.00811
2017-06-28,0.00877
2017-06-29,-0.00864
2017-06-30,0.00153
2017-07-03,0.00231
2017-07-05,0.00145
2017-07-06,-0.00941
2017-07-07,0.00638
2017-07-10,0.00093
2017-07-11,-0.00078
2017-07-12,0.00728
2017-07-13,0.00187
2017-07-14,0.00466
2017-07-17,-5e-05
2017-07-18,0.0006
2017-07-19,0.00536
2017-07-20,-0.00015
2017-07-21,-0.00037
2017-07-24,-0.00106
2017-07-25,0.00292
2017-07-26,0.00028
2017-07-27,-0.00097
2017-07-28,-0.00134
2017-07-31,-0.00073
2017-08-01,0.00245
2017-08-02,0.00049
2017-08-03,-0.00219
2017-08-04,0.00189
2017-08-07,0.00165
2017-08-08,-0.00242
2017-08-09,-0.00036
2017-08-10,-0.01458
2017-08-11,0.00127
2017-08-14,0.00999
2017-08-15,-0.0005
2017-08-16,0.00142
2017-08-17,-0.01556
2017-08-18,-0.00184
2017-08-21,0.00116
2017-08-22,0.00989
2017-08-23,-0.00346
2017-08-24,-0.00208
2017-08-25,0.00167
2017-08-28,0.00049
2017-08-29,0.00084
2017-08-30,0.0046
2017-08-31,0.0057
2017-09-01,0.00198
2017-09-05,-0.00758
2017-09-06,0.00312
2017-09-07,-0.00018
2017-09-08,-0.00149
2017-09-11,0.01078
2017-09-12,0.00336
2017-09-13,0.00076
2017-09-14,-0.0011
2017-09-15,0.00185
2017-09-18,0.00145
2017-09-19,0.00111
2017-09-20,0.00063
2017-09-21,-0.00305
2017-09-22,0.00065
2017-09-25,-0.00222
2017-09-26,7e-05
2017-09-27,0.00408
2017-09-28,0.0012
2017-09-29,0.0037
2017-10-02,0.00387
2017-10-03,0.00216
2017-10-04,0.00125
2017-10-05,0.00563
2017-10-06,-0.00107
2017-10-09,-0.00181
2017-10-10,0.00232
2017-10-11,0.0018
2017-10-12,-0.00169
2017-10-13,0.00088
2017-10-16,0.00175
2017-10-17,0.00067
2017-10-18,0.00074
2017-10-19,0.00033
2017-10-20,0.0051
2017-10-23,-0.00398
2017-10-24,0.00162
2017-10-25,-0.00467
2017-10-26,0.00127
2017-10-27,0.00804
2017-10-30,-0.0032
2017-10-31,0.00094
2017-11-01,0.00159
2017-11-02,0.00019
2017-11-03,0.00309
2017-11-06,0.00127
2017-11-07,-0.00019
2017-11-08,0.00144
2017-11-09,-0.00377
2017-11-10,-0.0009
2017-11-13,0.00098
2017-11-14,-0.00231
2017-11-15,-0.00554
2017-11-16,0.00816
2017-11-17,-0.00263
2017-11-20,0.00127
2017-11-21,0.00652
2017-11-22,-0.00075
2017-11-24,0.00205
2017-11-27,-0.00038
2017-11-28,0.0098
2017-11-29,-0.00037
2017-11-30,0.00816
2017-12-01,-0.00203
2017-12-04,-0.00105
2017-12-05,-0.00375
2017-12-06,-0.00011
2017-12-07,0.00293
2017-12-08,0.00549
2017-12-11,0.0032
2017-12-12,0.00155
2017-12-13,-0.00047
2017-12-14,-0.00408
2017-12-15,0.00893
2017-12-18,0.00535
2017-12-19,-0.00324
2017-12-20,-0.00083
2017-12-21,0.00198
2017-12-22,-0.00046
2017-12-26,-0.00106
2017-12-27,0.00079
2017-12-28,0.00183
2017-12-29,-0.0052
2018-01-02,0.00827
2018-01-03,0.00638
2018-01-04,0.00402
2018-01-05,0.00701
2018-01-08,0.00166
2018-01-09,0.0013
2018-01-10,-0.00111
2018-01-11,0.00701
2018-01-12,0.00673
2018-01-16,-0.00353
2018-01-17,0.00937
2018-01-18,-0.00162
2018-01-19,0.00438
2018-01-22,0.00803
2018-01-23,0.00217
2018-01-24,-0.00056
2018-01-25,0.0006
2018-01-26,0.01177
2018-01-29,-0.00675
2018-01-30,-0.01096
2018-01-31,0.00049
2018-02-01,-0.00065
2018-02-02,-0.02144
2018-02-05,-0.04184
2018-02-06,0.01729
2018-02-07,-0.00501
2018-02-08,-0.03826
2018-02-09,0.01483
2018-02-12,0.01382
2018-02-13,0.00261
2018-02-14,0.01331
2018-02-15,0.012
2018-02-16,0.00037
2018-02-20,-0.00586
2018-02-21,-0.00551
2018-02-22,0.00097
2018-02-23,0.0159
2018-02-26,0.01169
2018-02-27,-0.01279
2018-02-28,-0.01116
2018-03-01,-0.01341
2018-03-02,0.00506
2018-03-05,0.01097
2018-03-06,0.00264
2018-03-07,-0.00048
2018-03-08,0.00445
2018-03-09,0.01723
2018-03-12,-0.00127
2018-03-13,-0.00638
2018-03-14,-0.00574
2018-03-15,-0.00078
2018-03-16,0.0017
2018-03-19,-0.01431
2018-03-20,0.00148
2018-03-21,-0.00185
2018-03-22,-0.02548
2018-03-23,-0.02119
2018-03-26,0.0268
2018-03-27,-0.01743
2018-03-28,-0.00292
2018-03-29,0.01368
2018-04-02,-0.02259
2018-04-03,0.01254
2018-04-04,0.0115
2018-04-05,0.00684
2018-04-06,-0.02216
2018-04-09,0.00333
2018-04-10,0.01659
2018-04-11,-0.00554
2018-04-12,0.00822
2018-04-13,-0.00289
2018-04-16,0.00808
2018-04-17,0.01061
2018-04-18,0.00083
2018-04-19,-0.00574
2018-04-20,-0.00857
2018-04-23,6e-05
2018-04-24,-0.01347
2018-04-25,0.00184
2018-04-26,0.01038
2018-04-27,0.00111
2018-04-30,-0.00822
2018-05-01,0.00255
2018-05-02,-0.00723
2018-05-03,-0.00226
2018-05-04,0.01273
2018-05-07,0.00345
2018-05-08,-0.00027
2018-05-09,0.00964
2018-05-10,0.00933
2018-05-11,0.00171
2018-05-14,0.00088
2018-05-15,-0.00687
2018-05-16,0.00405
2018-05-17,-0.00086
2018-05-18,-0.00264
2018-05-21,0.00736
2018-05-22,-0.00314
2018-05-23,0.00324
2018-05-24,-0.00203
2018-05-25,-0.00236
2018-05-29,-0.01163
2018-05-30,0.01262
2018-05-31,-0.0069
2018-06-01,0.01079
2018-06-04,0.00447
2018-06-05,0.0007
2018-06-06,0.00853
2018-06-07,-0.00071
2018-06-08,0.00312
2018-06-11,0.00107
2018-06-12,0.00174
2018-06-13,-0.00403
2018-06-14,0.00247
2018-06-15,-0.00102
2018-06-18,-0.00213
2018-06-19,-0.00403
2018-06-20,0.00171
2018-06-21,-0.00637
2018-06-22,0.00186
2018-06-25,-0.01382
2018-06-26,0.0022
2018-06-27,-0.00864
2018-06-28,0.00616
2018-06-29,0.00076
2018-07-02,0.00306
2018-07-03,-0.00496
2018-07-05,0.00858
2018-07-06,0.00845
2018-07-09,0.00878
2018-07-10,0.00347
2018-07-11,-0.00712
2018-07-12,0.00871
2018-07-13,0.00108
2018-07-16,-0.00103
2018-07-17,0.00397
2018-07-18,0.00216
2018-07-19,-0.00396
2018-07-20,-0.00095
2018-07-23,0.00184
2018-07-24,0.00477
2018-07-25,0.00906
2018-07-26,-0.00304
2018-07-27,-0.00658
2018-07-30,-0.00577
2018-07-31,0.00487
2018-08-01,-0.00104
2018-08-02,0.00491
2018-08-03,0.00463
2018-08-06,0.00353
2018-08-07,0.00282
2018-08-08,-0.00026
2018-08-09,-0.00144
2018-08-10,-0.00714
2018-08-13,-0.00401
2018-08-14,0.00637
2018-08-15,-0.00763
2018-08-16,0.00789
2018-08-17,0.00332
2018-08-20,0.00243
2018-08-21,0.00207
2018-08-22,-0.0004
2018-08-23,-0.00169
2018-08-24,0.00618
2018-08-27,0.00764
2018-08-28,0.00027
2018-08-29,0.00569
2018-08-30,-0.00444
2018-08-31,0.00013
2018-09-04,-0.00166
2018-09-05,-0.00281
2018-09-06,-0.00366
2018-09-07,-0.00222
2018-09-10,0.0019
2018-09-11,0.00373
2018-09-12,0.00036
2018-09-13,0.00527
2018-09-14,0.00028
2018-09-17,-0.00559
2018-09-18,0.00535
2018-09-19,0.00125
2018-09-20,0.00781
2018-09-21,-0.00037
2018-09-24,-0.00352
2018-09-25,-0.00131
2018-09-26,-0.00329
2018-09-27,0.00276
2018-09-28,-1e-05
2018-10-01,0.00363
2018-10-02,-0.0004
2018-10-03,0.00071
2018-10-04,-0.0082
2018-10-05,-0.00554
2018-10-08,-0.0004
2018-10-09,-0.00142
2018-10-10,-0.03342
2018-10-11,-0.02079
2018-10-12,0.01411
2018-10-15,-0.00592
2018-10-16,0.02127
2018-10-17,-0.00025
2018-10-18,-0.0145
2018-10-19,-0.00036
2018-10-22,-0.00431
2018-10-23,-0.00553
2018-10-24,-0.03135
2018-10-25,0.01845
2018-10-26,-0.01748
2018-10-29,-0.00658
2018-10-30,0.01555
2018-10-31,0.01079
2018-11-01,0.0105
2018-11-02,-0.00634
2018-11-05,0.00558
2018-11-06,0.00624
2018-11-07,0.02099
2018-11-08,-0.00251
2018-11-09,-0.00924
2018-11-12,-0.0199
2018-11-13,-0.00148
2018-11-14,-0.0076
2018-11-15,0.01054
2018-11-16,0.00222
2018-11-19,-0.01678
2018-11-20,-0.01832
2018-11-21,0.00304
2018-11-23,-0.00658
2018-11-26,0.01541
2018-11-27,0.00326
2018-11-28,0.02271
2018-11-29,-0.0022
2018-11-30,0.00815
2018-12-03,0.01088
2018-12-04,-0.0329
2018-12-06,-0.00152
2018-12-07,-0.0236
2018-12-10,0.00176
2018-12-11,-0.00036
2018-12-12,0.0054
2018-12-13,-0.0002
2018-12-14,-0.01927
2018-12-17,-0.02099
2018-12-18,9e-05
2018-12-19,-0.01552
2018-12-20,-0.0159
2018-12-21,-0.0208
2018-12-24,-0.02749
2018-12-26,0.0484
2018-12-27,0.00853
2018-12-28,-0.00124
2018-12-31,0.00846
2019-01-02,0.00127
2019-01-03,-0.02507
2019-01-04,0.03376
2019-01-07,0.00699
2019-01-08,0.00965
2019-01-09,0.00409
2019-01-10,0.00451
2019-01-11,-0.00015
2019-01-14,-0.00527
2019-01-15,0.01066
2019-01-16,0.00222
2019-01-17,0.00756
2019-01-18,0.0131
2019-01-22,-0.01426
2019-01-23,0.0022
2019-01-24,0.00137
2019-01-25,0.00845
2019-01-28,-0.00788
2019-01-29,-0.00146
2019-01-30,0.01543
2019-01-31,0.00856
2019-02-01,0.0009
2019-02-04,0.00675
2019-02-05,0.0047
2019-02-06,-0.00223
2019-02-07,-0.0094
2019-02-08,0.00068
2019-02-11,0.00071
2019-02-12,0.01281
2019-02-13,0.00302
2019-02-14,-0.00266
2019-02-15,0.01082
2019-02-19,0.0015
2019-02-20,0.00178
2019-02-21,-0.00353
2019-02-22,0.00639
2019-02-25,0.00123
2019-02-26,-0.00079
2019-02-27,-0.00054
2019-02-28,-0.00283
2019-03-01,0.00687
2019-03-04,-0.00389
2019-03-05,-0.00113
2019-03-06,-0.00655
2019-03-07,-0.00816
2019-03-08,-0.00213
2019-03-11,0.01456
2019-03-12,0.00295
2019-03-13,0.00693
2019-03-14,-0.00087
2019-03-15,0.00497
2019-03-18,0.0037
2019-03-19,-0.00013
2019-03-20,-0.00295
2019-03-21,0.01079
2019-03-22,-0.01916
2019-03-25,-0.00084
2019-03-26,0.00716
2019-03-27,-0.00466
2019-03-28,0.00358
2019-03-29,0.00671
2019-04-01,0.0115
2019-04-02,2e-05
2019-04-03,0.00215
2019-04-04,0.00208
2019-04-05,0.00463
2019-04-08,0.00105
2019-04-09,-0.00609
2019-04-10,0.00347
2019-04-11,4e-05
2019-04-12,0.00659
2019-04-15,-0.00063
2019-04-16,0.00051
2019-04-17,-0.00228
2019-04-18,0.00158
2019-04-22,0.00101
2019-04-23,0.0088
2019-04-24,-0.00219
2019-04-25,-0.00037
2019-04-26,0.00467
2019-04-29,0.00107
2019-04-30,0.00095
2019-05-01,-0.00753
2019-05-02,-0.00213
2019-05-03,0.00959
2019-05-06,-0.00448
2019-05-07,-0.01665
2019-05-08,-0.00161
2019-05-09,-0.00303
2019-05-10,0.00371
2019-05-13,-0.02443
2019-05-14,0.00798
2019-05-15,0.00582
2019-05-16,0.00886
2019-05-17,-0.00585
2019-05-20,-0.00677
2019-05-21,0.00846
2019-05-22,-0.00283
2019-05-23,-0.01199
2019-05-24,0.00135
2019-05-28,-0.00841
2019-05-29,-0.00694
2019-05-30,0.0021
2019-05-31,-0.01328
2019-06-03,-0.00277
2019-06-04,0.02121
2019-06-05,0.00813
2019-06-06,0.00612
2019-06-07,0.01044
2019-06-10,0.00465
2019-06-11,-0.00035
2019-06-12,-0.00204
2019-06-13,0.00409
2019-06-14,-0.00161
2019-06-17,0.00093
2019-06-18,0.00967
2019-06-19,0.00298
2019-06-20,0.00943
2019-06-21,-0.00126
2019-06-24,-0.00173
2019-06-25,-0.00954
2019-06-26,-0.00123
2019-06-27,0.00382
2019-06-28,0.00574
2019-07-01,0.00764
2019-07-02,0.00292
2019-07-03,0.00764
2019-07-05,-0.00181
2019-07-08,-0.00485
2019-07-09,0.00124
2019-07-10,0.0045
2019-07-11,0.00228
2019-07-12,0.00461
2019-07-15,0.00018
2019-07-16,-0.00341
2019-07-17,-0.00655
2019-07-18,0.00358
2019-07-19,-0.0062
2019-07-22,0.00282
2019-07-23,0.00682
2019-07-24,0.00468
2019-07-25,-0.00528
2019-07-26,0.00736
2019-07-29,-0.00162
2019-07-30,-0.00258
2019-07-31,-0.01095
2019-08-01,-0.00904
2019-08-02,-0.00731
2019-08-05,-0.03023
2019-08-06,0.01293
2019-08-07,0.00077
2019-08-08,0.01859
2019-08-09,-0.00664
2019-08-12,-0.01203
2019-08-13,0.01465
2019-08-14,-0.02973
2019-08-15,0.00246
2019-08-16,0.01432
2019-08-19,0.01203
2019-08-20,-0.00795
2019-08-21,0.00821
2019-08-22,-0.00051
2019-08-23,-0.02629
2019-08-26,0.01092
2019-08-27,-0.00321
2019-08-28,0.00652
2019-08-29,0.01261
2019-08-30,0.00064
2019-09-03,-0.00692
2019-09-04,0.01078
2019-09-05,0.01293
2019-09-06,0.00091
2019-09-09,-9e-05
2019-09-10,0.00032
2019-09-11,0.0072
2019-09-12,0.00287
2019-09-13,-0.00072
2019-09-16,-0.00314
2019-09-17,0.00258
2019-09-18,0.00034
2019-09-19,2e-05
2019-09-20,-0.00491
2019-09-23,-0.0001
2019-09-24,-0.00845
2019-09-25,0.00614
2019-09-26,-0.00243
2019-09-27,-0.00533
2019-09-30,0.00503
2019-10-01,-0.01233
2019-10-02,-0.01807
2019-10-03,0.00794
2019-10-04,0.01412
2019-10-07,-0.00449
2019-10-08,-0.01568
2019-10-09,0.00906
2019-10-10,0.0064
2019-10-11,0.01088
2019-10-14,-0.00139
2019-10-15,0.00991
2019-10-16,-0.002
2019-10-17,0.00276
2019-10-18,-0.00393
2019-10-21,0.00685
2019-10-22,-0.00358
2019-10-23,0.00284
2019-10-24,0.00192
2019-10-25,0.00406
2019-10-28,0.00557
2019-10-29,-0.00083
2019-10-30,0.00325
2019-10-31,-0.00303
2019-11-01,0.00962
2019-11-04,0.0037
2019-11-05,-0.00119
2019-11-06,0.0007
2019-11-07,0.00273
2019-11-08,0.00256
2019-11-11,-0.00196
2019-11-12,0.00156
2019-11-13,0.00071
2019-11-14,0.00084
2019-11-15,0.00767
2019-11-18,0.0005
2019-11-19,-0.00059
2019-11-20,-0.00376
2019-11-21,-0.00158
2019-11-22,0.00217
2019-11-25,0.00748
2019-11-26,0.00219
2019-11-27,0.00417
2019-11-29,-0.00402
2019-12-02,-0.00867
2019-12-03,-0.00666
2019-12-04,0.0063
2019-12-05,0.0015
2019-12-06,0.00909
2019-12-09,-0.00317
2019-12-10,-0.0011
2019-12-11,0.0029
2019-12-12,0.00854
2019-12-13,7e-05
2019-12-16,0.00712
2019-12-17,0.00034
2019-12-18,-0.00043
2019-12-19,0.00445
2019-12-20,0.00493
2019-12-23,0.00087
2019-12-24,-0.0002
2019-12-26,0.00512
2019-12-27,3e-05
2019-12-30,-0.0058
2019-12-31,0.00294
2020-01-02,0.00834
2020-01-03,-0.00708
2020-01-06,0.00353
2020-01-07,-0.00281
2020-01-08,0.00489
2020-01-09,0.00663
2020-01-10,-0.00286
2020-01-13,0.00695
2020-01-14,-0.00152
2020-01-15,0.00187
2020-01-16,0.00833
2020-01-17,0.00385
2020-01-21,-0.00266
2020-01-22,0.00029
2020-01-23,0.00114
2020-01-24,-0.00908
2020-01-27,-0.01586
2020-01-28,0.01
2020-01-29,-0.00087
2020-01-30,0.00313
2020-01-31,-0.01786
2020-02-03,0.00723
2020-02-04,0.01487
2020-02-05,0.01119
2020-02-06,0.00332
2020-02-07,-0.00542
2020-02-10,0.0073
2020-02-11,0.00169
2020-02-12,0.00644
2020-02-13,-0.00163
2020-02-14,0.00184
2020-02-18,-0.00292
2020-02-19,0.00469
2020-02-20,-0.00382
2020-02-21,-0.01057
2020-02-24,-0.03409
2020-02-25,-0.03075
2020-02-26,-0.00379
2020-02-27,-0.04517
2020-02-28,-0.00827
2020-03-02,0.04501
2020-03-03,-0.02851
2020-03-04,0.04134
2020-03-05,-0.03451
2020-03-06,-0.0172
2020-03-09,-0.07901
2020-03-10,0.04822
2020-03-11,-0.0501
2020-03-12,-0.09994
2020-03-13,0.08881
2020-03-16,-0.12765
2020-03-17,0.05823
2020-03-18,-0.05322
2020-03-19,0.0047
2020-03-20,-0.04433
2020-03-23,-0.02973
2020-03-24,0.08968
2020-03-25,0.01147
2020-03-26,0.06054
2020-03-27,-0.03427
2020-03-30,0.03297
2020-03-31,-0.01614
2020-04-01,-0.04515
2020-04-02,0.02257
2020-04-03,-0.01525
2020-04-06,0.06797
2020-04-07,-0.0016
2020-04-08,0.03349
2020-04-09,0.01438
2020-04-13,-0.01016
2020-04-14,0.03011
2020-04-15,-0.02228
2020-04-16,0.0058
2020-04-17,0.02644
2020-04-20,-0.01804
2020-04-21,-0.03116
2020-04-22,0.02267
2020-04-23,-0.00054
2020-04-24,0.01382
2020-04-27,0.01461
2020-04-28,-0.00526
2020-04-29,0.02624
2020-04-30,-0.00926
2020-05-01,-0.02846
2020-05-04,0.00424
2020-05-05,0.009
2020-05-06,-0.007
2020-05-07,0.01144
2020-05-08,0.01673
2020-05-11,0.00018
2020-05-12,-0.02076
2020-05-13,-0.01762
2020-05-14,0.01146
2020-05-15,0.00392
2020-05-18,0.03102
2020-05-19,-0.01054
2020-05-20,0.01651
2020-05-21,-0.0078
2020-05-22,0.00235
2020-05-26,0.01221
2020-05-27,0.01472
2020-05-28,-0.00211
2020-05-29,0.0048
2020-06-01,0.00374
2020-06-02,0.00818
2020-06-03,0.01356
2020-06-04,-0.00337
2020-06-05,0.02587
2020-06-08,0.01197
2020-06-09,-0.00783
2020-06-10,-0.00533
2020-06-11,-0.06075
2020-06-12,0.01298
2020-06-15,0.00828
2020-06-16,0.01878
2020-06-17,-0.00361
2020-06-18,0.00059
2020-06-19,-0.00567
2020-06-22,0.00647
2020-06-23,0.0043
2020-06-24,-0.0262
2020-06-25,0.0109
2020-06-26,-0.02453
2020-06-29,0.01458
2020-06-30,0.01529
2020-07-01,0.00501
2020-07-02,0.00453
2020-07-06,0.01576
2020-07-07,-0.01088
2020-07-08,0.0078
2020-07-09,-0.00566
2020-07-10,0.01041
2020-07-13,-0.00941
2020-07-14,0.01332
2020-07-15,0.00904
2020-07-16,-0.00341
2020-07-17,0.00284
2020-07-20,0.00837
2020-07-21,0.00168
2020-07-22,0.00573
2020-07-23,-0.0124
2020-07-24,-0.00621
2020-07-27,0.00737
2020-07-28,-0.00649
2020-07-29,0.01235
2020-07-30,-0.00376
2020-07-31,0.00764
2020-08-03,0.00716
2020-08-04,0.00361
2020-08-05,0.00641
2020-08-06,0.00641
2020-08-07,0.00063
2020-08-10,0.00274
2020-08-11,-0.008
2020-08-12,0.0139
2020-08-13,-0.00205
2020-08-14,-0.00017
2020-08-17,0.00271
2020-08-18,0.0023
2020-08-19,-0.00441
2020-08-20,0.00315
2020-08-21,0.00344
2020-08-24,0.00999
2020-08-25,0.00359
2020-08-26,0.01014
2020-08-27,0.00167
2020-08-28,0.00671
2020-08-31,-0.0022
2020-09-01,0.0075
2020-09-02,0.01525
2020-09-03,-0.03576
2020-09-04,-0.00817
2020-09-08,-0.02815
2020-09-09,0.01994
2020-09-10,-0.01774
2020-09-11,0.00053
2020-09-14,0.01266
2020-09-15,0.00521
2020-09-16,-0.00463
2020-09-17,-0.00845
2020-09-18,-0.01125
2020-09-21,-0.01164
2020-09-22,0.01046
2020-09-23,-0.02401
2020-09-24,0.00298
2020-09-25,0.01585
2020-09-28,0.01598
2020-09-29,-0.00482
2020-09-30,0.00822
2020-10-01,0.00528
2020-10-02,-0.00962
2020-10-05,0.01782
2020-10-06,-0.01409
2020-10-07,0.01726
2020-10-08,0.00798
2020-10-09,0.00875
2020-10-12,0.01629
2020-10-13,-0.00633
2020-10-14,-0.00665
2020-10-15,-0.00153
2020-10-16,0.00013
2020-10-19,-0.01646
2020-10-20,0.00472
2020-10-21,-0.0022
2020-10-22,0.00521
2020-10-23,0.00344
2020-10-26,-0.01876
2020-10-27,-0.00303
2020-10-28,-0.03593
2020-10-29,0.01188
2020-10-30,-0.0122
2020-11-02,0.01224
2020-11-03,0.01764
2020-11-04,0.02181
2020-11-05,0.01927
2020-11-06,-0.00029
2020-11-09,0.01163
2020-11-10,-0.0014
2020-11-11,0.00762
2020-11-12,-0.01003
2020-11-13,0.01352
2020-11-16,0.01158
2020-11-17,-0.0048
2020-11-18,-0.01163
2020-11-19,0.00394
2020-11-20,-0.00682
2020-11-23,0.00562
2020-11-24,0.01603
2020-11-25,-0.00159
2020-11-27,0.00239
2020-11-30,-0.00461
2020-12-01,0.01121
2020-12-02,0.00179
2020-12-03,-0.00062
2020-12-04,0.0088
2020-12-07,-0.00194
2020-12-08,0.00278
2020-12-09,-0.00798
2020-12-10,-0.00129
2020-12-11,-0.00127
2020-12-14,-0.00437
2020-12-15,0.01284
2020-12-16,0.00177
2020-12-17,0.00574
2020-12-18,-0.00352
2020-12-21,-0.00391
2020-12-22,-0.00208
2020-12-23,0.00075
2020-12-24,0.00353
2020-12-28,0.00868
2020-12-29,-0.00223
2020-12-30,0.00134
2020-12-31,0.00642
2021-01-04,-0.01486
2021-01-05,0.00706
2021-01-06,0.00569
2021-01-07,0.01474
2021-01-08,0.00548
2021-01-11,-0.00658
2021-01-12,0.00042
2021-01-13,0.00227
2021-01-14,-0.00376
2021-01-15,-0.00722
2021-01-19,0.0081
2021-01-20,0.01384
2021-01-21,0.00032
2021-01-22,-0.00302
2021-01-25,0.00361
2021-01-26,-0.00149
2021-01-27,-0.02601
2021-01-28,0.00971
2021-01-29,-0.0195
2021-02-01,0.01592
2021-02-02,0.0138
2021-02-03,0.00101
2021-02-04,0.01079
2021-02-05,0.00389
2021-02-08,0.00737
2021-02-09,-0.00111
2021-02-10,-0.00035
2021-02-11,0.00166
2021-02-12,0.0047
2021-02-16,-0.00057
2021-02-17,-0.00032
2021-02-18,-0.00443
2021-02-19,-0.00186
2021-02-22,-0.00776
2021-02-23,0.00126
2021-02-24,0.01129
2021-02-25,-0.02478
2021-02-26,-0.00476
2021-03-01,0.02351
2021-03-02,-0.00811
2021-03-03,-0.01315
2021-03-04,-0.01351
2021-03-05,0.01931
2021-03-08,-0.00537
2021-03-09,0.01406
2021-03-10,0.00601
2021-03-11,0.01034
2021-03-12,0.00101
2021-03-15,0.00647
2021-03-16,-0.00157
2021-03-17,0.00288
2021-03-18,-0.01487
2021-03-19,-0.0006
2021-03-22,0.007
2021-03-23,-0.00766
2021-03-24,-0.00548
2021-03-25,0.00523
2021-03-26,0.01649
2021-03-29,-0.00087
2021-03-30,-0.00316
2021-03-31,0.00362
2021-04-01,0.01176
2021-04-05,0.01434
2021-04-06,-0.00097
2021-04-07,0.00147
2021-04-08,0.00421
2021-04-09,0.00769
2021-04-12,-0.0002
2021-04-13,0.00329
2021-04-14,-0.0041
2021-04-15,0.01103
2021-04-16,0.0036
2021-04-19,-0.00532
2021-04-20,-0.00683
2021-04-21,0.00926
2021-04-22,-0.00925
2021-04-23,0.01087
2021-04-26,0.00178
2021-04-27,-0.00021
2021-04-28,-0.00085
2021-04-29,0.00674
2021-04-30,-0.00722
2021-05-03,0.00274
2021-05-04,-0.0067
2021-05-05,0.0007
2021-05-06,0.00813
2021-05-07,0.00735
2021-05-10,-0.01049
2021-05-11,-0.00871
2021-05-12,-0.02168
2021-05-13,0.0121
2021-05-14,0.01481
2021-05-17,-0.00253
2021-05-18,-0.00855
2021-05-19,-0.00295
2021-05-20,0.0105
2021-05-21,-0.00078
2021-05-24,0.00986
2021-05-25,-0.00213
2021-05-26,0.00187
2021-05-27,0.00116
2021-05-28,0.00077
2021-06-01,-0.00049
2021-06-02,0.00145
2021-06-03,-0.00364
2021-06-04,0.0088
2021-06-07,-0.0008
2021-06-08,0.00018
2021-06-09,-0.00183
2021-06-10,0.00464
2021-06-11,0.00195
2021-06-14,0.00181
2021-06-15,-0.00201
2021-06-16,-0.0054
2021-06-17,-0.00044
2021-06-18,-0.01321
2021-06-21,0.01391
2021-06-22,0.00511
2021-06-23,-0.00108
2021-06-24,0.00579
2021-06-25,0.00333
2021-06-28,0.00231
2021-06-29,0.00028
2021-06-30,0.00133
2021-07-01,0.00521
2021-07-02,0.00747
2021-07-06,-0.00202
2021-07-07,0.00335
2021-07-08,-0.0086
2021-07-09,0.01121
2021-07-12,0.00345
2021-07-13,-0.00352
2021-07-14,0.00116
2021-07-15,-0.00327
2021-07-16,-0.00757
2021-07-19,-0.016
2021-07-20,0.01505
2021-07-21,0.00821
2021-07-22,0.00201
2021-07-23,0.01009
2021-07-26,0.00238
2021-07-27,-0.00472
2021-07-28,-0.00019
2021-07-29,0.0042
2021-07-30,-0.00542
2021-08-02,-0.00184
2021-08-03,0.00817
2021-08-04,-0.00464
2021-08-05,0.00599
2021-08-06,0.00167
2021-08-09,-0.00094
2021-08-10,0.00099
2021-08-11,0.00246
2021-08-12,0.00295
2021-08-13,0.00161
2021-08-16,0.00262
2021-08-17,-0.00709
2021-08-18,-0.01081
2021-08-19,0.00126
2021-08-20,0.00811
2021-08-23,0.00849
2021-08-24,0.00149
2021-08-25,0.00222
2021-08-26,-0.00584
2021-08-27,0.00877
2021-08-30,0.0043
2021-08-31,-0.00135
2021-09-01,0.00031
2021-09-02,0.00284
2021-09-03,-0.00034
2021-09-07,-0.0034
2021-09-08,-0.00132
2021-09-09,-0.00462
2021-09-10,-0.00775
2021-09-13,0.00227
2021-09-14,-0.00576
2021-09-15,0.00844
2021-09-16,-0.00155
2021-09-17,-0.00915
2021-09-20,-0.01712
2021-09-21,-0.00081
2021-09-22,0.00947
2021-09-23,0.01206
2021-09-24,0.00146
2021-09-27,-0.00278
2021-09-28,-0.02057
2021-09-29,0.00157
2021-09-30,-0.01198
2021-10-01,0.01143
2021-10-04,-0.01307
2021-10-05,0.01047
2021-10-06,0.00409
2021-10-07,0.00826
2021-10-08,-0.00192
2021-10-11,-0.00689
2021-10-12,-0.00242
2021-10-13,0.00302
2021-10-14,0.01692
2021-10-15,0.00743
2021-10-18,0.00337
2021-10-19,0.00737
2021-10-20,0.00366
2021-10-21,0.00299
2021-10-22,-0.00107
2021-10-25,0.00474
2021-10-26,0.00182
2021-10-27,-0.00506
2021-10-28,0.00978
2021-10-29,0.00195
2021-11-01,0.0018
2021-11-02,0.00367
2021-11-03,0.00644
2021-11-04,0.00417
2021-11-05,0.00373
2021-11-08,0.00089
2021-11-09,-0.0035
2021-11-10,-0.00826
2021-11-11,0.00055
2021-11-12,0.0072
2021-11-15,-1e-05
2021-11-16,0.00386
2021-11-17,-0.00261
2021-11-18,0.00338
2021-11-19,-0.0014
2021-11-22,-0.0032
2021-11-23,0.00166
2021-11-24,0.00229
2021-11-26,-0.02299
2021-11-29,0.01311
2021-11-30,-0.01914
2021-12-01,-0.01189
2021-12-02,0.01409
2021-12-03,-0.00848
2021-12-06,0.01166
2021-12-07,0.0205
2021-12-08,0.00308
2021-12-09,-0.00721
2021-12-10,0.0095
2021-12-13,-0.00918
2021-12-14,-0.0075
2021-12-15,0.01622
2021-12-16,-0.00878
2021-12-17,-0.01034
2021-12-20,-0.01145
2021-12-21,0.01762
2021-12-22,0.01013
2021-12-23,0.0062
2021-12-27,0.01374
2021-12-28,-0.00101
2021-12-29,0.0014
2021-12-30,-0.00299
2021-12-31,-0.00263
2022-01-03,0.00635
2022-01-04,-0.00063
2022-01-05,-0.01958
2022-01-06,-0.00096
2022-01-07,-0.00406
2022-01-10,-0.00144
2022-01-11,0.00912
2022-01-12,0.00281
2022-01-13,-0.01435
2022-01-14,0.00082
2022-01-18,-0.01856
2022-01-19,-0.00974
2022-01-20,-0.0111
2022-01-21,-0.0191
2022-01-24,0.00277
2022-01-25,-0.01225
2022-01-26,-0.0015
2022-01-27,-0.0054
2022-01-28,0.02406
2022-01-31,0.01871
2022-02-01,0.00684
2022-02-02,0.00938
2022-02-03,-0.02469
2022-02-04,0.00514
2022-02-07,-0.00371
2022-02-08,0.00837
2022-02-09,0.01441
2022-02-10,-0.01828
2022-02-11,-0.01915
2022-02-14,-0.00385
2022-02-15,0.01564
2022-02-16,0.00088
2022-02-17,-0.0214
2022-02-18,-0.00719
2022-02-22,-0.01019
2022-02-23,-0.01858
2022-02-24,0.01485
2022-02-25,0.02213
2022-02-28,-0.00245
2022-03-01,-0.01559
2022-03-02,0.01847
2022-03-03,-0.00527
2022-03-04,-0.00797
2022-03-07,-0.02996
2022-03-08,-0.00726
2022-03-09,0.02537
2022-03-10,-0.0043
2022-03-11,-0.01305
2022-03-14,-0.00745
2022-03-15,0.02118
2022-03-16,0.02214
2022-03-17,0.01227
2022-03-18,0.01159
2022-03-21,-0.00043
2022-03-22,0.01124
2022-03-23,-0.01235
2022-03-24,0.01424
2022-03-25,0.00505
2022-03-28,0.00712
2022-03-29,0.01218
2022-03-30,-0.00631
2022-03-31,-0.01578
2022-04-01,0.0034
2022-04-04,0.00806
2022-04-05,-0.01263
2022-04-06,-0.00976
2022-04-07,0.00424
2022-04-08,-0.00265
2022-04-11,-0.01702
2022-04-12,-0.00342
2022-04-13,0.01111
2022-04-14,-0.01222
2022-04-18,-0.0002
2022-04-19,0.01593
2022-04-20,-0.00062
2022-04-21,-0.01486
2022-04-22,-0.02813
2022-04-25,0.00568
2022-04-26,-0.02855
2022-04-27,0.0021
2022-04-28,0.02445
2022-04-29,-0.03696
2022-05-02,0.00566
2022-05-03,0.00483
2022-05-04,0.02943
2022-05-05,-0.0363
2022-05-06,-0.00569
2022-05-09,-0.03256
2022-05-10,0.00245
2022-05-11,-0.0166
2022-05-12,-0.0013
2022-05-13,0.02359
2022-05-16,-0.00395
2022-05-17,0.01997
2022-05-18,-0.04123
2022-05-19,-0.00585
2022-05-20,0.00015
2022-05-23,0.01839
2022-05-24,-0.00815
2022-05-25,0.00941
2022-05-26,0.01969
2022-05-27,0.02444
2022-05-31,-0.00629
2022-06-01,-0.00751
2022-06-02,0.01826
2022-06-03,-0.01648
2022-06-06,0.00313
2022-06-07,0.00948
2022-06-08,-0.01085
2022-06-09,-0.02409
2022-06-10,-0.02954
2022-06-13,-0.03954
2022-06-14,-0.00378
2022-06-15,0.01449
2022-06-16,-0.03305
2022-06-17,0.0022
2022-06-21,0.02418
2022-06-22,-0.0013
2022-06-23,0.00949
2022-06-24,0.03011
2022-06-27,-0.00298
2022-06-28,-0.02035
2022-06-29,-0.00071
2022-06-30,-0.0088
2022-07-01,0.0105
2022-07-05,0.00158
2022-07-06,0.00357
2022-07-07,0.01485
2022-07-08,-0.00083
2022-07-11,-0.01159
2022-07-12,-0.00929
2022-07-13,-0.00447
2022-07-14,-0.003
2022-07-15,0.01902
2022-07-18,-0.0084
2022-07-19,0.02725
2022-07-20,0.00588
2022-07-21,0.00981
2022-07-22,-0.00938
2022-07-25,0.00131
2022-07-26,-0.01161
2022-07-27,0.02582
2022-07-28,0.01206
2022-07-29,0.01411
2022-08-01,-0.00283
2022-08-02,-0.00668
2022-08-03,0.01552
2022-08-04,-0.00078
2022-08-05,-0.00163
2022-08-08,-0.00124
2022-08-09,-0.00426
2022-08-10,0.02107
2022-08-11,-0.00071
2022-08-12,0.01717
2022-08-15,0.00396
2022-08-16,0.00187
2022-08-17,-0.00726
2022-08-18,0.00227
2022-08-19,-0.01298
2022-08-22,-0.02163
2022-08-23,-0.00224
2022-08-24,0.00291
2022-08-25,0.01399
2022-08-26,-0.03427
2022-08-29,-0.00669
2022-08-30,-0.01109
2022-08-31,-0.00785
2022-09-01,0.00299
2022-09-02,-0.01079
2022-09-06,-0.0041
2022-09-07,0.01817
2022-09-08,0.00659
2022-09-09,0.01516
2022-09-12,0.01053
2022-09-13,-0.0442
2022-09-14,0.00338
2022-09-15,-0.01138
2022-09-16,-0.00721
2022-09-19,0.00683
2022-09-20,-0.01134
2022-09-21,-0.01726
2022-09-22,-0.00846
2022-09-23,-0.01738
2022-09-26,-0.01039
2022-09-27,-0.00212
2022-09-28,0.01948
2022-09-29,-0.02135
2022-09-30,-0.01518
2022-10-03,0.02555
2022-10-04,0.03013
2022-10-05,-0.00202
2022-10-06,-0.0103
2022-10-07,-0.0284
2022-10-10,-0.00752
2022-10-11,-0.00654
2022-10-12,-0.0033
2022-10-13,0.02563
2022-10-14,-0.02395
2022-10-17,0.02614
2022-10-18,0.01136
2022-10-19,-0.00669
2022-10-20,-0.00798
2022-10-21,0.02345
2022-10-24,0.01181
2022-10-25,0.01614
2022-10-26,-0.00742
2022-10-27,-0.0061
2022-10-28,0.02433
2022-10-31,-0.00748
2022-11-01,-0.00411
2022-11-02,-0.02532
2022-11-03,-0.01064
2022-11-04,0.01353
2022-11-07,0.00957
2022-11-08,0.00558
2022-11-09,-0.021
2022-11-10,0.05395
2022-11-11,0.0092
2022-11-14,-0.00898
2022-11-15,0.00868
2022-11-16,-0.00829
2022-11-17,-0.00309
2022-11-18,0.00475
2022-11-21,-0.00389
2022-11-22,0.01349
2022-11-23,0.0059
2022-11-25,-0.00028
2022-11-28,-0.01556
2022-11-29,-0.00159
2022-11-30,0.03048
2022-12-01,-0.00087
2022-12-02,-0.0012
2022-12-05,-0.01806
2022-12-06,-0.0145
2022-12-07,-0.00186
2022-12-08,0.00749
2022-12-09,-0.00738
2022-12-12,0.01418
2022-12-13,0.00726
2022-12-14,-0.00607
2022-12-15,-0.02524
2022-12-16,-0.0112
2022-12-19,-0.00905
2022-12-20,0.00104
2022-12-21,0.01476
2022-12-22,-0.01456
2022-12-23,0.00585
2022-12-27,-0.00406
2022-12-28,-0.01209
2022-12-29,0.01731
2022-12-30,-0.00254
2023-01-03,-0.00401
2023-01-04,0.00751
2023-01-05,-0.01171
2023-01-06,0.02258
2023-01-09,-0.00077
2023-01-10,0.00695
2023-01-11,0.01277
2023-01-12,0.00341
2023-01-13,0.00399
2023-01-17,-0.00203
2023-01-18,-0.01569
2023-01-19,-0.00767
2023-01-20,0.01874
2023-01-23,0.01181
2023-01-24,-0.00071
2023-01-25,-0.00018
2023-01-26,0.01095
2023-01-27,0.00249
2023-01-30,-0.01305
2023-01-31,0.01454
2023-02-01,0.0104
2023-02-02,0.01459
2023-02-03,-0.01041
2023-02-06,-0.00616
2023-02-07,0.01279
2023-02-08,-0.01114
2023-02-09,-0.00887
2023-02-10,0.00219
2023-02-13,0.01138
2023-02-14,-0.00028
2023-02-15,0.00277
2023-02-16,-0.01388
2023-02-17,-0.00277
2023-02-21,-0.02024
2023-02-22,-0.00157
2023-02-23,0.00532
2023-02-24,-0.01059
2023-02-27,0.00307
2023-02-28,-0.00304
2023-03-01,-0.00474
2023-03-02,0.00755
2023-03-03,0.01602
2023-03-06,0.00069
2023-03-07,-0.01545
2023-03-08,0.00141
2023-03-09,-0.01863
2023-03-10,-0.01458
2023-03-13,-0.00151
2023-03-14,0.01634
2023-03-15,-0.00701
2023-03-16,0.01741
2023-03-17,-0.01108
2023-03-20,0.00888
2023-03-21,0.0129
2023-03-22,-0.0166
2023-03-23,0.00298
2023-03-24,0.00562
2023-03-27,0.00165
2023-03-28,-0.00158
2023-03-29,0.01414
2023-03-30,0.0057
2023-03-31,0.01433
2023-04-03,0.00369
2023-04-04,-0.00581
2023-04-05,-0.0025
2023-04-06,0.00357
2023-04-10,0.001
2023-04-11,-4e-05
2023-04-12,-0.00414
2023-04-13,0.01318
2023-04-14,-0.00207
2023-04-17,0.0033
2023-04-18,0.00085
2023-04-19,-8e-05
2023-04-20,-0.00597
2023-04-21,0.0009
2023-04-24,0.00085
2023-04-25,-0.01594
2023-04-26,-0.00385
2023-04-27,0.01938
2023-04-28,0.00822
2023-05-01,-0.00039
2023-05-02,-0.01165
2023-05-03,-0.00702
2023-05-04,-0.00724
2023-05-05,0.01831
2023-05-08,0.00045
2023-05-09,-0.00459
2023-05-10,0.00447
2023-05-11,-0.0017
2023-05-12,-0.00158
2023-05-15,0.00295
2023-05-16,-0.0064
2023-05-17,0.01182
2023-05-18,0.0094
2023-05-19,-0.00145
2023-05-22,0.00016
2023-05-23,-0.01129
2023-05-24,-0.00735
2023-05-25,0.00872
2023-05-26,0.01296
2023-05-30,2e-05
2023-05-31,-0.00613
2023-06-01,0.00981
2023-06-02,0.01443
2023-06-05,-0.00201
2023-06-06,0.00235
2023-06-07,-0.00382
2023-06-08,0.00617
2023-06-09,0.00115
2023-06-12,0.00928
2023-06-13,0.00691
2023-06-14,0.00082
2023-06-15,0.0121
2023-06-16,-0.00368
2023-06-20,-0.00475
2023-06-21,-0.00526
2023-06-22,0.0037
2023-06-23,-0.00769
2023-06-26,-0.0045
2023-06-27,0.01139
2023-06-28,-0.00035
2023-06-29,0.00446
2023-06-30,0.01219
2023-07-03,0.00117
2023-07-05,-0.00197
2023-07-06,-0.00795
2023-07-07,-0.00287
2023-07-10,0.0024
2023-07-11,0.00672
2023-07-12,0.00738
2023-07-13,0.00843
2023-07-14,-0.00102
2023-07-17,0.00385
2023-07-18,0.00709
2023-07-19,0.00236
2023-07-20,-0.00678
2023-07-21,0.00032
2023-07-24,0.00403
2023-07-25,0.00281
2023-07-26,-0.00016
2023-07-27,-0.00645
2023-07-28,0.00983
2023-07-31,0.00147
2023-08-01,-0.00267
2023-08-02,-0.01394
2023-08-03,-0.00255
2023-08-04,-0.00531
2023-08-07,0.00898
2023-08-08,-0.00423
2023-08-09,-0.00706
2023-08-10,0.00025
2023-08-11,-0.00107
2023-08-14,0.00573
2023-08-15,-0.01162
2023-08-16,-0.00758
2023-08-17,-0.00774
2023-08-18,-0.00015
2023-08-21,0.00686
2023-08-22,-0.00278
2023-08-23,0.01098
2023-08-24,-0.01355
2023-08-25,0.0067
2023-08-28,0.00625
2023-08-29,0.0144
2023-08-30,0.00383
2023-08-31,-0.0016
2023-09-01,0.0018
2023-09-05,-0.0042
2023-09-06,-0.007
2023-09-07,-0.00322
2023-09-08,0.00143
2023-09-11,0.0067
2023-09-12,-0.00571
2023-09-13,0.00124
2023-09-14,0.00839
2023-09-15,-0.01223
2023-09-18,0.00072
2023-09-19,-0.00215
2023-09-20,-0.00944
2023-09-21,-0.01654
2023-09-22,-0.0023
2023-09-25,0.00402
2023-09-26,-0.01484
2023-09-27,0.00023
2023-09-28,0.00588
2023-09-29,-0.00271
2023-10-02,8e-05
2023-10-03,-0.01384
2023-10-04,0.00808
2023-10-05,-0.0013
2023-10-06,0.01175
2023-10-09,0.00628
2023-10-10,0.00519
2023-10-11,0.00428
2023-10-12,-0.00627
2023-10-13,-0.00503
2023-10-16,0.01054
2023-10-17,-0.0001
2023-10-18,-0.01349
2023-10-19,-0.00852
2023-10-20,-0.01267
2023-10-23,-0.00169
2023-10-24,0.00724
2023-10-25,-0.01444
2023-10-26,-0.0119
2023-10-27,-0.00481
2023-10-30,0.01194
2023-10-31,0.00645
2023-11-01,0.01045
2023-11-02,0.01868
2023-11-03,0.00935
